ID Group,Group,ID Industry,Industry,ID Year,Year,Workforce by Industry and Gender,Workforce by Industry and Gender Moe,ACS Industry yg RCA,Geography,ID Geography,Slug Geography,Median Earnings,Median Earnings Moe,Workforce Prev,Workforce Growth,Median Earnings Prev,Median Earnings Growth,Share
0,"Agriculture, Forestry, Fishing & Hunting, & Mining",0,"Agriculture, Forestry, Fishing & Hunting",2021,"2021",803,176.61540136692494,2.187274751538594,"Salina, KS","31000US41460","salina-ks-31000US41460",53907,36988,710,13.098591549295774,47542,13.388162046190736,2.628391869333246
0,"Agriculture, Forestry, Fishing & Hunting, & Mining",1,"Mining, Quarrying, & Oil & Gas Extraction",2021,"2021",73,46.09772228646443,0.5217569629496307,"Salina, KS","31000US41460","salina-ks-31000US41460",69063,51045,61,19.672131147540984,45972,50.228399895588616,0.23894471539393147
1,"Construction (Group)",2,"Construction",2021,"2021",1366,258.69286808878206,0.6571361214882318,"Salina, KS","31000US41460","salina-ks-31000US41460",66069,50055,1581,-13.598987982289689,74564,-11.392897376750174,4.47121207161795
2,"Manufacturing (Group)",3,"Manufacturing",2021,"2021",4621,512.7699289154932,1.5092078617885303,"Salina, KS","31000US41460","salina-ks-31000US41460",80028,10006,4621,0,85253,-6.128816581234678,15.125527805963799
3,"Wholesale Trade (Group)",4,"Wholesale Trade",2021,"2021",819,198.1136037731887,1.0780428650782208,"Salina, KS","31000US41460","salina-ks-31000US41460",94324,26029,881,-7.037457434733257,77384,21.890830145766564,2.680763313803149
4,"Retail Trade (Group)",5,"Retail Trade",2021,"2021",3383,447.7599803466138,1.0109187806388165,"Salina, KS","31000US41460","salina-ks-31000US41460",63405,4727,3322,1.8362432269717037,59750,6.117154811715482,11.07328729010507
5,"Transportation & Warehousing, & Utilities",6,"Transportation & Warehousing",2021,"2021",1047,273.3002012439801,0.7104597669370419,"Salina, KS","31000US41460","salina-ks-31000US41460",79988,27122,1102,-4.99092558983666,76133,5.063507283306844,3.427056397499263
5,"Transportation & Warehousing, & Utilities",7,"Utilities",2021,"2021",248,118.40608092492548,0.977457321767909,"Salina, KS","31000US41460","salina-ks-31000US41460",105686,66211,212,16.9811320754717,99540,6.174402250351617,0.8117573892834932
6,"Information (Group)",8,"Information",2021,"2021",330,128.160056179763,0.561275041043173,"Salina, KS","31000US41460","salina-ks-31000US41460",77054,44166,332,-0.6024096385542169,66438,15.978807309070111,1.0801610421917451
7,"Finance & Insurance, & Real Estate & Rental & Leasing",9,"Finance & Insurance",2021,"2021",1046,193.34942461771124,0.7228625689076726,"Salina, KS","31000US41460","salina-ks-31000US41460",92376,22875,1047,-0.09551098376313276,90580,1.9827776551115037,3.4237831822198945
7,"Finance & Insurance, & Real Estate & Rental & Leasing",10,"Real Estate & Rental & Leasing",2021,"2021",272,134.33167906342868,0.46390918868715253,"Salina, KS","31000US41460","salina-ks-31000US41460",63214,41136,315,-13.65079365079365,63471,-0.4049093286697862,0.8903145559883474
8,"Professional, Scientific, & Management, & Administrative & Waste Management Services",11,"Professional, Scientific, & Technical Services",2021,"2021",1304,311.0964480671549,0.558582024046408,"Salina, KS","31000US41460","salina-ks-31000US41460",101574,35928,1303,0.07674597083653108,118297,-14.13645316449276,4.268272724297077
8,"Professional, Scientific, & Management, & Administrative & Waste Management Services",12,"Management of Companies & Enterprises",2021,"2021",12,10.770329614269007,0.2762251586283254,"Salina, KS","31000US41460","salina-ks-31000US41460",,,14,-14.285714285714285,,NaN,0.03927858335242709
8,"Professional, Scientific, & Management, & Administrative & Waste Management Services",13,"Administrative & Support & Waste Management Services",2021,"2021",845,227.17834403833479,0.6642978165590301,"Salina, KS","31000US41460","salina-ks-31000US41460",63718,32191,858,-1.5151515151515151,52171,22.13298575837151,2.765866911066741
9,"Educational Services, & Health Care & Social Assistance",14,"Educational Services",2021,"2021",3605,463.8469575193956,1.2644294012663932,"Salina, KS","31000US41460","salina-ks-31000US41460",81793,16947,3255,10.75268817204301,73453,11.354199283895824,11.799941082124972
9,"Educational Services, & Health Care & Social Assistance",15,"Health Care & Social Assistance",2021,"2021",4857,481.04053883222775,1.1354234297432033,"Salina, KS","31000US41460","salina-ks-31000US41460",75503,13628,4793,1.3352806175672856,72693,3.865571650640364,15.898006611894862
10,"Arts, Entertainment, & Recreation, & Accommodation & Food Services",16,"Arts, Entertainment, & Recreation",2021,"2021",526,228.25424421026653,0.821710405176641,"Salina, KS","31000US41460","salina-ks-31000US41460",47260,23262,529,-0.5671077504725899,28424,66.26794258373205,1.721711236948054
10,"Arts, Entertainment, & Recreation, & Accommodation & Food Services",17,"Accommodation & Food Services",2021,"2021",2379,398.84834210511644,1.1103536552051316,"Salina, KS","31000US41460","salina-ks-31000US41460",32503,6480,2505,-5.029940119760479,34146,-4.811690974052597,7.786979149618671
11,"Other Services, Except Public Administration (Group)",18,"Other Services, Except Public Administration",2021,"2021",1701,392.0459156782532,1.1716236031134593,"Salina, KS","31000US41460","salina-ks-31000US41460",,,1675,1.5522388059701493,,NaN,5.56773919020654
12,"Public Administration (Group)",19,"Public Administration",2021,"2021",1314,280.22312538404105,0.9155224723532647,"Salina, KS","31000US41460","salina-ks-31000US41460",84827,6126,1285,2.2568093385214008,85791,-1.1236609900805445,4.301004877090766
0,"Agriculture, Forestry, Fishing & Hunting, & Mining",0,"Agriculture, Forestry, Fishing & Hunting",2020,"2020",710,168.57639217873896,1.9037369208504615,"Salina, KS","31000US41460","salina-ks-31000US41460",47542,29201,694,2.3054755043227666,54442,-12.674038426215054,2.335449491793033
0,"Agriculture, Forestry, Fishing & Hunting, & Mining",1,"Mining, Quarrying, & Oil & Gas Extraction",2020,"2020",61,46.04345773288535,0.41928716447307823,"Salina, KS","31000US41460","salina-ks-31000US41460",45972,34074,61,0,66875,-31.256822429906546,0.20065129436531692
1,"Construction (Group)",2,"Construction",2020,"2020",1581,262.08777155754524,0.7783058103196232,"Salina, KS","31000US41460","salina-ks-31000US41460",74564,22763,1759,-10.119386014781126,66417,12.26643780959694,5.200486826091247
2,"Manufacturing (Group)",3,"Manufacturing",2020,"2020",4621,471.16982076529473,1.5172358101229306,"Salina, KS","31000US41460","salina-ks-31000US41460",85253,8942,5131,-9.939582927304619,81298,4.864818322713966,15.200157889543107
3,"Wholesale Trade (Group)",4,"Wholesale Trade",2020,"2020",881,205.50669088864237,1.1374152198604806,"Salina, KS","31000US41460","salina-ks-31000US41460",77384,24485,900,-2.111111111111111,78170,-1.0055008315210439,2.8979309891122003
4,"Retail Trade (Group)",5,"Retail Trade",2020,"2020",3322,446.87022724724005,0.990656053480169,"Salina, KS","31000US41460","salina-ks-31000US41460",59750,7629,3007,10.475557033588293,56007,6.683093184780474,10.927272129206276
5,"Transportation & Warehousing, & Utilities",6,"Transportation & Warehousing",2020,"2020",1102,232.22833591101667,0.7750825407580507,"Salina, KS","31000US41460","salina-ks-31000US41460",76133,19772,1030,6.990291262135923,73768,3.205997180349203,3.6248807605012994
5,"Transportation & Warehousing, & Utilities",7,"Utilities",2020,"2020",212,104.35516278555652,0.8451273376630579,"Salina, KS","31000US41460","salina-ks-31000US41460",99540,15638,280,-24.285714285714285,96842,2.785981289110097,0.6973454820565113
6,"Information (Group)",8,"Information",2020,"2020",332,122.65398485169568,0.5551217544948859,"Salina, KS","31000US41460","salina-ks-31000US41460",66438,39173,348,-4.597701149425287,58063,14.423987737457589,1.092069339824348
7,"Finance & Insurance, & Real Estate & Rental & Leasing",9,"Finance & Insurance",2020,"2020",1047,226.90967365892536,0.7366844056967161,"Salina, KS","31000US41460","salina-ks-31000US41460",90580,18212,1157,-9.507346585998272,94587,-4.236311543869665,3.443965659024374
7,"Finance & Insurance, & Real Estate & Rental & Leasing",10,"Real Estate & Rental & Leasing",2020,"2020",315,142.5622670975739,0.5328265143558388,"Salina, KS","31000US41460","salina-ks-31000US41460",63471,45268,323,-2.476780185758514,62518,1.5243609840365975,1.036150126640571
8,"Professional, Scientific, & Management, & Administrative & Waste Management Services",11,"Professional, Scientific, & Technical Services",2020,"2020",1303,248.91765706755314,0.5771371654080294,"Salina, KS","31000US41460","salina-ks-31000US41460",118297,33649,1223,6.541291905151267,116496,1.545975827496223,4.286043222262426
8,"Professional, Scientific, & Management, & Administrative & Waste Management Services",12,"Management of Companies & Enterprises",2020,"2020",14,15.231546211727816,0.3313208606659866,"Salina, KS","31000US41460","salina-ks-31000US41460",,,13,7.6923076923076925,,NaN,0.046051116739580934
8,"Professional, Scientific, & Management, & Administrative & Waste Management Services",13,"Administrative & Support & Waste Management Services",2020,"2020",858,235.30405861353094,0.6749055194426019,"Salina, KS","31000US41460","salina-ks-31000US41460",52171,53197,895,-4.134078212290502,58779,-11.242110277480052,2.8222755830400317
9,"Educational Services, & Health Care & Social Assistance",14,"Educational Services",2020,"2020",3255,426.645051535817,1.1497657847825986,"Salina, KS","31000US41460","salina-ks-31000US41460",73453,14786,2997,8.608608608608609,74586,-1.5190518327836322,10.706884641952568
9,"Educational Services, & Health Care & Social Assistance",15,"Health Care & Social Assistance",2020,"2020",4793,533.9484993892202,1.1274871285854582,"Salina, KS","31000US41460","salina-ks-31000US41460",72693,21453,4520,6.039823008849558,75789,-4.085025531409571,15.765928752343672
10,"Arts, Entertainment, & Recreation, & Accommodation & Food Services",16,"Arts, Entertainment, & Recreation",2020,"2020",529,211.9834899231542,0.8070887536042712,"Salina, KS","31000US41460","salina-ks-31000US41460",28424,24416,644,-17.857142857142858,26235,8.343815513626835,1.7400743396598795
10,"Arts, Entertainment, & Recreation, & Accommodation & Food Services",17,"Accommodation & Food Services",2020,"2020",2505,412.51060592425983,1.1376388309805534,"Salina, KS","31000US41460","salina-ks-31000US41460",34146,9782,2474,1.2530315278900566,26883,27.017073987278206,8.23986053090359
11,"Other Services, Except Public Administration (Group)",18,"Other Services, Except Public Administration",2020,"2020",1675,310.63966263180237,1.1426678106458965,"Salina, KS","31000US41460","salina-ks-31000US41460",,,1735,-3.45821325648415,,NaN,5.509687181342719
12,"Public Administration (Group)",19,"Public Administration",2020,"2020",1285,259.04825805243314,0.9062024673255487,"Salina, KS","31000US41460","salina-ks-31000US41460",85791,16498,1304,-1.4570552147239262,89210,-3.8325299854276427,4.22683464359725
0,"Agriculture, Forestry, Fishing & Hunting, & Mining",0,"Agriculture, Forestry, Fishing & Hunting",2019,"2019",694,150.78461459976612,1.8073214522088357,"Salina, KS","31000US41460","salina-ks-31000US41460",54442,7983,610,13.77049180327869,53906,0.9943234519348495,2.2757829152320053
0,"Agriculture, Forestry, Fishing & Hunting, & Mining",1,"Mining, Quarrying, & Oil & Gas Extraction",2019,"2019",61,34,0.39013837351225034,"Salina, KS","31000US41460","salina-ks-31000US41460",66875,37232,46,32.608695652173914,47143,41.85563074051291,0.20003279226102638
1,"Construction (Group)",2,"Construction",2019,"2019",1759,293.82477771624366,0.8749893449868896,"Salina, KS","31000US41460","salina-ks-31000US41460",66417,21780,2056,-14.445525291828792,57798,14.912280701754385,5.768158714543368
2,"Manufacturing (Group)",3,"Manufacturing",2019,"2019",5131,505.9496022332659,1.6645920356779236,"Salina, KS","31000US41460","salina-ks-31000US41460",81298,12569,5183,-1.0032799536947714,74492,9.136551576008161,16.825709132644697
3,"Wholesale Trade (Group)",4,"Wholesale Trade",2019,"2019",900,194.23954283306992,1.1377536964601096,"Salina, KS","31000US41460","salina-ks-31000US41460",78170,26723,887,1.4656144306651635,71476,9.365381386759191,2.9513034923757995
4,"Retail Trade (Group)",5,"Retail Trade",2019,"2019",3007,344.97101327502867,0.8842538636941838,"Salina, KS","31000US41460","salina-ks-31000US41460",56007,13219,3264,-7.873774509803921,51512,8.7261220686442,9.86063289063781
5,"Transportation & Warehousing, & Utilities",6,"Transportation & Warehousing",2019,"2019",1030,200.57168294652163,0.7430472063410907,"Salina, KS","31000US41460","salina-ks-31000US41460",73768,22098,1087,-5.243790248390065,81132,-9.076566582852635,3.37760288571897
5,"Transportation & Warehousing, & Utilities",7,"Utilities",2019,"2019",280,136.92698784388708,1.1220563007521045,"Salina, KS","31000US41460","salina-ks-31000US41460",96842,66041,187,49.73262032085562,142213,-31.903553121022693,0.9181833087391376
6,"Information (Group)",8,"Information",2019,"2019",348,118.06777714516355,0.5674013031984827,"Salina, KS","31000US41460","salina-ks-31000US41460",58063,47326,311,11.89710610932476,41575,39.65844858689116,1.1411706837186424
7,"Finance & Insurance, & Real Estate & Rental & Leasing",9,"Finance & Insurance",2019,"2019",1157,223.68057582186253,0.8224185038616214,"Salina, KS","31000US41460","salina-ks-31000US41460",94587,29265,1301,-11.068408916218294,80243,17.875702553493763,3.794064600754222
7,"Finance & Insurance, & Real Estate & Rental & Leasing",10,"Real Estate & Rental & Leasing",2019,"2019",323,122.96747537458839,0.5452607768286919,"Salina, KS","31000US41460","salina-ks-31000US41460",62518,32917,282,14.539007092198581,66500,-5.98796992481203,1.0591900311526479
8,"Professional, Scientific, & Management, & Administrative & Waste Management Services",11,"Professional, Scientific, & Technical Services",2019,"2019",1223,239.70815588961506,0.5573095903036586,"Salina, KS","31000US41460","salina-ks-31000US41460",116496,28967,1007,21.44985104270109,123094,-5.3601312817846525,4.010493523528448
8,"Professional, Scientific, & Management, & Administrative & Waste Management Services",12,"Management of Companies & Enterprises",2019,"2019",13,13,0.3342048267156313,"Salina, KS","31000US41460","salina-ks-31000US41460",,,16,-18.75,,NaN,0.0426299393343171
8,"Professional, Scientific, & Management, & Administrative & Waste Management Services",13,"Administrative & Support & Waste Management Services",2019,"2019",895,192.1067411623028,0.690183931637908,"Salina, KS","31000US41460","salina-ks-31000US41460",58779,30733,1003,-10.767696909272182,48551,21.06650738398797,2.9349073618626003
9,"Educational Services, & Health Care & Social Assistance",14,"Educational Services",2019,"2019",2997,342.6601815209932,1.060509719293406,"Salina, KS","31000US41460","salina-ks-31000US41460",74586,9559,2998,-0.033355570380253496,73288,1.7710948586398865,9.827840629611412
9,"Educational Services, & Health Care & Social Assistance",15,"Health Care & Social Assistance",2019,"2019",4520,388.1043674065006,1.0679000380403894,"Salina, KS","31000US41460","salina-ks-31000US41460",75789,18604,4290,5.361305361305361,63827,18.741285036113243,14.822101983931793
10,"Arts, Entertainment, & Recreation, & Accommodation & Food Services",16,"Arts, Entertainment, & Recreation",2019,"2019",644,196.45864704817654,0.9596676442531434,"Salina, KS","31000US41460","salina-ks-31000US41460",26235,25088,518,24.324324324324326,17499,49.92285273444197,2.1118216101000167
10,"Arts, Entertainment, & Recreation, & Accommodation & Food Services",17,"Accommodation & Food Services",2019,"2019",2474,338.28981657744293,1.087163709112451,"Salina, KS","31000US41460","salina-ks-31000US41460",26883,7867,2237,10.594546267322306,27145,-0.9651869589242955,8.112805377930808
11,"Other Services, Except Public Administration (Group)",18,"Other Services, Except Public Administration",2019,"2019",1735,281.73746644704534,1.171067543209753,"Salina, KS","31000US41460","salina-ks-31000US41460",,,1742,-0.4018369690011481,,NaN,5.689457288080013
12,"Public Administration (Group)",19,"Public Administration",2019,"2019",1304,274.5541840875859,0.9281031610982977,"Salina, KS","31000US41460","salina-ks-31000US41460",89210,19889,1266,3.0015797788309637,83607,6.70159197196407,4.276110837842269
0,"Agriculture, Forestry, Fishing & Hunting, & Mining",0,"Agriculture, Forestry, Fishing & Hunting",2018,"2018",610,123.8587905640936,1.5676667254259546,"Salina, KS","31000US41460","salina-ks-31000US41460",53906,42540,715,-14.685314685314685,55051,-2.079889556956277,2.013799478392922
0,"Agriculture, Forestry, Fishing & Hunting, & Mining",1,"Mining, Quarrying, & Oil & Gas Extraction",2018,"2018",46,26.419689627245813,0.2789917482264473,"Salina, KS","31000US41460","salina-ks-31000US41460",47143,42651,48,-4.166666666666666,44688,5.493644826351593,0.15186028853454822
1,"Construction (Group)",2,"Construction",2018,"2018",2056,357.79882615794037,1.04985238189409,"Salina, KS","31000US41460","salina-ks-31000US41460",57798,13910,2084,-1.3435700575815739,57133,1.1639507815098105,6.787494635370242
2,"Manufacturing (Group)",3,"Manufacturing",2018,"2018",5183,423.1087330698812,1.6806018328560322,"Salina, KS","31000US41460","salina-ks-31000US41460",74492,5466,5740,-9.703832752613241,74017,0.6417444641095964,17.110692945099203
3,"Wholesale Trade (Group)",4,"Wholesale Trade",2018,"2018",887,177.58941409892654,1.1109693335314625,"Salina, KS","31000US41460","salina-ks-31000US41460",71476,14771,903,-1.7718715393133997,72894,-1.9452904217082339,2.9282625202205277
4,"Retail Trade (Group)",5,"Retail Trade",2018,"2018",3264,373.46619659615783,0.9546501658879328,"Salina, KS","31000US41460","salina-ks-31000US41460",51512,12712,3163,3.1931710401517543,50506,1.991842553359997,10.77547786471229
5,"Transportation & Warehousing, & Utilities",6,"Transportation & Warehousing",2018,"2018",1087,201.06217943710845,0.8149026223244796,"Salina, KS","31000US41460","salina-ks-31000US41460",81132,22700,971,11.946446961894953,93665,-13.380665136390327,3.5885246442837806
5,"Transportation & Warehousing, & Utilities",7,"Utilities",2018,"2018",187,101.65136496870075,0.7495367070752367,"Salina, KS","31000US41460","salina-ks-31000US41460",142213,97713,222,-15.765765765765765,76250,86.5088524590164,0.6173450859991416
6,"Information (Group)",8,"Information",2018,"2018",311,100.7670581092849,0.4955909504152694,"Salina, KS","31000US41460","salina-ks-31000US41460",41575,22349,268,16.044776119402986,37813,9.948959352603602,1.0267076029183586
7,"Finance & Insurance, & Real Estate & Rental & Leasing",9,"Finance & Insurance",2018,"2018",1301,252.62026838715855,0.9306512563433107,"Salina, KS","31000US41460","salina-ks-31000US41460",80243,19197,1142,13.922942206654993,80477,-0.2907663059010649,4.295005117031462
7,"Finance & Insurance, & Real Estate & Rental & Leasing",10,"Real Estate & Rental & Leasing",2018,"2018",282,104.56098698845568,0.4793759582702863,"Salina, KS","31000US41460","salina-ks-31000US41460",66500,32432,288,-2.083333333333333,42672,55.83989501312337,0.9309695949291868
8,"Professional, Scientific, & Management, & Administrative & Waste Management Services",11,"Professional, Scientific, & Technical Services",2018,"2018",1007,205.24375751773792,0.47168039657881533,"Salina, KS","31000US41460","salina-ks-31000US41460",123094,16588,1016,-0.8858267716535433,111111,10.784710784710786,3.3244197946584793
8,"Professional, Scientific, & Management, & Administrative & Waste Management Services",12,"Management of Companies & Enterprises",2018,"2018",16,16.15549442140351,0.47083873564328144,"Salina, KS","31000US41460","salina-ks-31000US41460",,,24,-33.33333333333333,,NaN,0.052820969925060246
8,"Professional, Scientific, & Management, & Administrative & Waste Management Services",13,"Administrative & Support & Waste Management Services",2018,"2018",1003,238.94769302087855,0.7758627710067236,"Salina, KS","31000US41460","salina-ks-31000US41460",48551,22391,882,13.718820861678005,56438,-13.974627024345299,3.3112145521772143
9,"Educational Services, & Health Care & Social Assistance",14,"Educational Services",2018,"2018",2998,359.97361014385484,1.0711974616247704,"Salina, KS","31000US41460","salina-ks-31000US41460",73288,12142,2764,8.465991316931982,68834,6.470639509544701,9.897329239708164
9,"Educational Services, & Health Care & Social Assistance",15,"Health Care & Social Assistance",2018,"2018",4290,367.30641159663963,1.0212891398271622,"Salina, KS","31000US41460","salina-ks-31000US41460",63827,20156,4636,-7.463330457290768,71878,-11.200923787528868,14.162622561156779
10,"Arts, Entertainment, & Recreation, & Accommodation & Food Services",16,"Arts, Entertainment, & Recreation",2018,"2018",518,133.13526955694346,0.7795762398035416,"Salina, KS","31000US41460","salina-ks-31000US41460",17499,4961,531,-2.4482109227871938,15483,13.02073241619841,1.7100789013238256
10,"Arts, Entertainment, & Recreation, & Accommodation & Food Services",17,"Accommodation & Food Services",2018,"2018",2237,292.3850201361212,0.9851066731444893,"Salina, KS","31000US41460","salina-ks-31000US41460",27145,10401,2497,-10.41249499399279,25625,5.931707317073171,7.385031857647487
11,"Other Services, Except Public Administration (Group)",18,"Other Services, Except Public Administration",2018,"2018",1742,285,1.1772550798655141,"Salina, KS","31000US41460","salina-ks-31000US41460",,,1612,8.064516129032258,,NaN,5.750883100590935
12,"Public Administration (Group)",19,"Public Administration",2018,"2018",1266,220.78043391568917,0.9016645562052782,"Salina, KS","31000US41460","salina-ks-31000US41460",83607,16776,1196,5.852842809364549,83885,-0.3314060916731239,4.179459245320392
0,"Agriculture, Forestry, Fishing & Hunting, & Mining",0,"Agriculture, Forestry, Fishing & Hunting",2017,"2017",715,138.351002887583,1.7908271230872501,"Salina, KS","31000US41460","salina-ks-31000US41460",55051,21427,849,-15.783274440518259,51560,6.7707525213343684,2.328838512149046
0,"Agriculture, Forestry, Fishing & Hunting, & Mining",1,"Mining, Quarrying, & Oil & Gas Extraction",2017,"2017",48,29.1547594742265,0.273940220201323,"Salina, KS","31000US41460","salina-ks-31000US41460",44688,52196,38,26.31578947368421,44464,0.5037783375314862,0.15634160641000586
1,"Construction (Group)",2,"Construction",2017,"2017",2084,343.44431863112834,1.0687828540365032,"Salina, KS","31000US41460","salina-ks-31000US41460",57133,14032,2091,-0.3347680535628886,66744,-14.399796236365816,6.7878314116344205
2,"Manufacturing (Group)",3,"Manufacturing",2017,"2017",5740,492.39516650755223,1.8191566188614154,"Salina, KS","31000US41460","salina-ks-31000US41460",74017,5857,5811,-1.2218206849079332,71206,3.9477010364295144,18.695850433196533
3,"Wholesale Trade (Group)",4,"Wholesale Trade",2017,"2017",903,193.21490625725542,1.0956054715335313,"Salina, KS","31000US41460","salina-ks-31000US41460",72894,13787,857,5.367561260210035,66449,9.699167782810877,2.941176470588235
4,"Retail Trade (Group)",5,"Retail Trade",2017,"2017",3163,344.59541494337964,0.9037757440058664,"Salina, KS","31000US41460","salina-ks-31000US41460",50506,10216,3451,-8.345407128368588,46342,8.985369643088344,10.302260439059346
5,"Transportation & Warehousing, & Utilities",6,"Transportation & Warehousing",2017,"2017",971,169.49926253526888,0.74140296025812,"Salina, KS","31000US41460","salina-ks-31000US41460",93665,25396,1075,-9.674418604651162,52652,77.89447694294613,3.1626604130024107
5,"Transportation & Warehousing, & Utilities",7,"Utilities",2017,"2017",222,81.2157620169878,0.8660673146919606,"Salina, KS","31000US41460","salina-ks-31000US41460",76250,49018,253,-12.25296442687747,87321,-12.678508033577259,0.7230799296462771
6,"Information (Group)",8,"Information",2017,"2017",268,93.72299611087986,0.4142662555455075,"Salina, KS","31000US41460","salina-ks-31000US41460",37813,19667,249,7.630522088353414,36843,2.632793203593627,0.8729073024558661
7,"Finance & Insurance, & Real Estate & Rental & Leasing",9,"Finance & Insurance",2017,"2017",1142,180.34688796871433,0.8001117217326219,"Salina, KS","31000US41460","salina-ks-31000US41460",80477,28978,1178,-3.0560271646859083,86686,-7.162632951110906,3.719627385838056
7,"Finance & Insurance, & Real Estate & Rental & Leasing",10,"Real Estate & Rental & Leasing",2017,"2017",288,100.16985574512924,0.48594009737629656,"Salina, KS","31000US41460","salina-ks-31000US41460",42672,52516,316,-8.860759493670885,40289,5.914765816972375,0.9380496384600352
8,"Professional, Scientific, & Management, & Administrative & Waste Management Services",11,"Professional, Scientific, & Technical Services",2017,"2017",1016,200.32224040280698,0.47842908273704227,"Salina, KS","31000US41460","salina-ks-31000US41460",111111,41162,772,31.606217616580313,89165,24.612796500869173,3.3092306690117907
8,"Professional, Scientific, & Management, & Administrative & Waste Management Services",12,"Management of Companies & Enterprises",2017,"2017",24,23.259406699226012,0.8134700827156603,"Salina, KS","31000US41460","salina-ks-31000US41460",,,30,-20,,NaN,0.07817080320500293
8,"Professional, Scientific, & Management, & Administrative & Waste Management Services",13,"Administrative & Support & Waste Management Services",2017,"2017",882,202.59565641938133,0.6718298839858347,"Salina, KS","31000US41460","salina-ks-31000US41460",56438,31359,900,-2,39511,42.84123408671003,2.8727770177838576
9,"Educational Services, & Health Care & Social Assistance",14,"Educational Services",2017,"2017",2764,307.80025990892216,0.9732049675694534,"Salina, KS","31000US41460","salina-ks-31000US41460",68834,11877,2632,5.015197568389058,60192,14.357389686337054,9.00267083577617
9,"Educational Services, & Health Care & Social Assistance",15,"Health Care & Social Assistance",2017,"2017",4636,383.15793088490284,1.0906638301969198,"Salina, KS","31000US41460","salina-ks-31000US41460",71878,14665,4610,0.5639913232104121,72323,-0.615295272596546,15.099993485766399
10,"Arts, Entertainment, & Recreation, & Accommodation & Food Services",16,"Arts, Entertainment, & Recreation",2017,"2017",531,159.2388143638353,0.7933369976605423,"Salina, KS","31000US41460","salina-ks-31000US41460",15483,8366,462,14.935064935064934,15202,1.8484409946059728,1.72952902091069
10,"Arts, Entertainment, & Recreation, & Accommodation & Food Services",17,"Accommodation & Food Services",2017,"2017",2497,348.862437072265,1.0835831181880222,"Salina, KS","31000US41460","salina-ks-31000US41460",25625,9799,2646,-5.63114134542706,22080,16.055253623188406,8.133020650120514
11,"Other Services, Except Public Administration (Group)",18,"Other Services, Except Public Administration",2017,"2017",1612,274.2006564543564,1.0727072287774255,"Salina, KS","31000US41460","salina-ks-31000US41460",,,1872,-13.88888888888889,,NaN,5.25047228193603
12,"Public Administration (Group)",19,"Public Administration",2017,"2017",1196,242.71176320895532,0.8350009439698753,"Salina, KS","31000US41460","salina-ks-31000US41460",83885,11088,1072,11.567164179104477,83678,0.24737684935108392,3.8955116930493126
0,"Agriculture, Forestry, Fishing & Hunting, & Mining",0,"Agriculture, Forestry, Fishing & Hunting",2016,"2016",849,182.7894964159593,2.0540482559037825,"Salina, KS","31000US41460","salina-ks-31000US41460",51560,16690,852,-0.35211267605633806,48513,6.280790715890586,2.724297266076242
0,"Agriculture, Forestry, Fishing & Hunting, & Mining",1,"Mining, Quarrying, & Oil & Gas Extraction",2016,"2016",38,29.068883707497264,0.20490019386987157,"Salina, KS","31000US41460","salina-ks-31000US41460",44464,54389,25,52,73864,-39.80288097043215,0.12193556667950199
1,"Construction (Group)",2,"Construction",2016,"2016",2091,346.01300553591915,1.0727862794347918,"Salina, KS","31000US41460","salina-ks-31000US41460",66744,6090,2182,-4.170485792850596,61344,8.80281690140845,6.709664998074702
2,"Manufacturing (Group)",3,"Manufacturing",2016,"2016",5811,460.8188364205613,1.8018053096432425,"Salina, KS","31000US41460","salina-ks-31000US41460",71206,5454,6073,-4.314177506998189,66186,7.584685583053819,18.64651520985753
3,"Wholesale Trade (Group)",4,"Wholesale Trade",2016,"2016",857,172.30786401090347,1.0191737843452775,"Salina, KS","31000US41460","salina-ks-31000US41460",66449,13386,769,11.443433029908972,64294,3.351790213705789,2.749967911692979
4,"Retail Trade (Group)",5,"Retail Trade",2016,"2016",3451,358.1982691192128,0.9624927741183154,"Salina, KS","31000US41460","salina-ks-31000US41460",46342,9201,3536,-2.403846153846154,49470,-6.323024054982818,11.073674752920036
5,"Transportation & Warehousing, & Utilities",6,"Transportation & Warehousing",2016,"2016",1075,214.0023364358436,0.8276840967401939,"Salina, KS","31000US41460","salina-ks-31000US41460",52652,45901,1073,0.1863932898415657,72460,-27.336461495997792,3.449493004749069
5,"Transportation & Warehousing, & Utilities",7,"Utilities",2016,"2016",253,104.65180361560903,0.966544768229181,"Salina, KS","31000US41460","salina-ks-31000US41460",87321,66984,231,9.523809523809524,86429,1.0320609980446378,0.8118341676293158
6,"Information (Group)",8,"Information",2016,"2016",249,85.56284240252893,0.3775830311336935,"Salina, KS","31000US41460","salina-ks-31000US41460",36843,20865,297,-16.161616161616163,54515,-32.4167660276988,0.7989988448209473
7,"Finance & Insurance, & Real Estate & Rental & Leasing",9,"Finance & Insurance",2016,"2016",1178,212.70166901084724,0.8106071557864585,"Salina, KS","31000US41460","salina-ks-31000US41460",86686,24820,1209,-2.564102564102564,81441,6.440245085399246,3.7800025670645616
7,"Finance & Insurance, & Real Estate & Rental & Leasing",10,"Real Estate & Rental & Leasing",2016,"2016",316,105.64563407921787,0.5302803549579936,"Salina, KS","31000US41460","salina-ks-31000US41460",40289,47015,377,-16.180371352785148,61944,-34.95899522149038,1.0139905018611217
8,"Professional, Scientific, & Management, & Administrative & Waste Management Services",11,"Professional, Scientific, & Technical Services",2016,"2016",772,158.7954659302337,0.36436867955150126,"Salina, KS","31000US41460","salina-ks-31000US41460",89165,49536,925,-16.54054054054054,72525,22.943812478455705,2.477217302015146
8,"Professional, Scientific, & Management, & Administrative & Waste Management Services",12,"Management of Companies & Enterprises",2016,"2016",30,28.999999999999996,1.1150855031012616,"Salina, KS","31000US41460","salina-ks-31000US41460",,,30,0,,NaN,0.09626492106276473
8,"Professional, Scientific, & Management, & Administrative & Waste Management Services",13,"Administrative & Support & Waste Management Services",2016,"2016",900,210.98341167020695,0.6756342529798438,"Salina, KS","31000US41460","salina-ks-31000US41460",39511,11126,927,-2.912621359223301,41020,-3.6786933203315457,2.887947631882942
9,"Educational Services, & Health Care & Social Assistance",14,"Educational Services",2016,"2016",2632,356.60201906326887,0.9096005656354575,"Salina, KS","31000US41460","salina-ks-31000US41460",60192,16138,2894,-9.053213545266066,69924,-13.917968079629311,8.44564240790656
9,"Educational Services, & Health Care & Social Assistance",15,"Health Care & Social Assistance",2016,"2016",4610,431.1287510709533,1.0700037835567535,"Salina, KS","31000US41460","salina-ks-31000US41460",72323,13659,4366,5.5886394869445715,65028,11.218244448545242,14.792709536644846
10,"Arts, Entertainment, & Recreation, & Accommodation & Food Services",16,"Arts, Entertainment, & Recreation",2016,"2016",462,137.37903770226376,0.682408616827519,"Salina, KS","31000US41460","salina-ks-31000US41460",15202,10393,339,36.283185840707965,13296,14.335138387484958,1.482479784366577
10,"Arts, Entertainment, & Recreation, & Accommodation & Food Services",17,"Accommodation & Food Services",2016,"2016",2646,356.8557131390781,1.1319750684486953,"Salina, KS","31000US41460","salina-ks-31000US41460",22080,4324,2506,5.58659217877095,22025,0.2497162315550511,8.49056603773585
11,"Other Services, Except Public Administration (Group)",18,"Other Services, Except Public Administration",2016,"2016",1872,297.69279467262896,1.2218986211616962,"Salina, KS","31000US41460","salina-ks-31000US41460",,,1755,6.666666666666667,,NaN,6.006931074316519
12,"Public Administration (Group)",19,"Public Administration",2016,"2016",1072,191.34262462922368,0.7296445358067479,"Salina, KS","31000US41460","salina-ks-31000US41460",83678,7671,953,12.48688352570829,82657,1.2352250868045054,3.4398665126427934
0,"Agriculture, Forestry, Fishing & Hunting, & Mining",0,"Agriculture, Forestry, Fishing & Hunting",2015,"2015",852,157.8923684032892,2.017223303094331,"Salina, KS","31000US41460","salina-ks-31000US41460",48513,12816,849,0.35335689045936397,50757,-4.421065074768013,2.7203933714358697
0,"Agriculture, Forestry, Fishing & Hunting, & Mining",1,"Mining, Quarrying, & Oil & Gas Extraction",2015,"2015",25,22.62741699796952,0.13118166039510598,"Salina, KS","31000US41460","salina-ks-31000US41460",73864,758,4,525,,NaN,0.07982374916185063
1,"Construction (Group)",2,"Construction",2015,"2015",2182,357.7373338079211,1.1248291214687378,"Salina, KS","31000US41460","salina-ks-31000US41460",61344,16413,1865,16.99731903485255,65118,-5.795632543997051,6.967016826846323
2,"Manufacturing (Group)",3,"Manufacturing",2015,"2015",6073,493.1622451080374,1.8628405736593512,"Salina, KS","31000US41460","salina-ks-31000US41460",66186,7069,6071,0.032943501894251354,68818,-3.824580778284751,19.390785146396755
3,"Wholesale Trade (Group)",4,"Wholesale Trade",2015,"2015",769,162.79127740760558,0.9017374686740474,"Salina, KS","31000US41460","salina-ks-31000US41460",64294,18689,804,-4.353233830845771,54217,18.58642123319254,2.4553785242185255
4,"Retail Trade (Group)",5,"Retail Trade",2015,"2015",3536,413.08715787349286,0.9773922566551841,"Salina, KS","31000US41460","salina-ks-31000US41460",49470,7231,3678,-3.860793909733551,48324,2.371492426123665,11.290271081452154
5,"Transportation & Warehousing, & Utilities",6,"Transportation & Warehousing",2015,"2015",1073,204.9438947614688,0.8342049058150925,"Salina, KS","31000US41460","salina-ks-31000US41460",72460,36521,1120,-4.196428571428571,67167,7.880357913856508,3.4260353140266293
5,"Transportation & Warehousing, & Utilities",7,"Utilities",2015,"2015",231,80.95677859203637,0.866735626117719,"Salina, KS","31000US41460","salina-ks-31000US41460",86429,49530,317,-27.129337539432175,76117,13.547564932932197,0.7375714422554999
6,"Information (Group)",8,"Information",2015,"2015",297,99.70456358662827,0.4466940077536783,"Salina, KS","31000US41460","salina-ks-31000US41460",54515,38968,369,-19.51219512195122,69141,-21.153873967689215,0.9483061400427855
7,"Finance & Insurance, & Real Estate & Rental & Leasing",9,"Finance & Insurance",2015,"2015",1209,240.41630560342617,0.8239981013219105,"Salina, KS","31000US41460","salina-ks-31000US41460",81441,26332,1156,4.58477508650519,81214,0.27950845913266187,3.8602765094670968
7,"Finance & Insurance, & Real Estate & Rental & Leasing",10,"Real Estate & Rental & Leasing",2015,"2015",377,142.84257068535274,0.6379353348218599,"Salina, KS","31000US41460","salina-ks-31000US41460",61944,26750,420,-10.238095238095237,58440,5.995893223819302,1.2037421373607076
8,"Professional, Scientific, & Management, & Administrative & Waste Management Services",11,"Professional, Scientific, & Technical Services",2015,"2015",925,194.61757371830532,0.44187641035766856,"Salina, KS","31000US41460","salina-ks-31000US41460",72525,18085,994,-6.941649899396378,72995,-0.6438797177888896,2.9534787189884733
8,"Professional, Scientific, & Management, & Administrative & Waste Management Services",12,"Management of Companies & Enterprises",2015,"2015",30,28.017851452243804,1.2005194711672795,"Salina, KS","31000US41460","salina-ks-31000US41460",,,39,-23.076923076923077,29773,NaN,0.09578849899422076
8,"Professional, Scientific, & Management, & Administrative & Waste Management Services",13,"Administrative & Support & Waste Management Services",2015,"2015",927,214.9720912118594,0.6939488103904004,"Salina, KS","31000US41460","salina-ks-31000US41460",41020,9379,869,6.67433831990794,38126,7.590620573886586,2.9598646189214217
9,"Educational Services, & Health Care & Social Assistance",14,"Educational Services",2015,"2015",2894,319.06112267087633,0.9897457048945532,"Salina, KS","31000US41460","salina-ks-31000US41460",69924,11833,2833,2.1531944934698197,71572,-2.3025764265355164,9.24039720297583
9,"Educational Services, & Health Care & Social Assistance",15,"Health Care & Social Assistance",2015,"2015",4366,395.4706057344844,1.0092356756181733,"Salina, KS","31000US41460","salina-ks-31000US41460",65028,16418,4587,-4.817963810769566,66314,-1.9392586784087826,13.940419553625594
10,"Arts, Entertainment, & Recreation, & Accommodation & Food Services",16,"Arts, Entertainment, & Recreation",2015,"2015",339,103.22790320451152,0.5012864595063072,"Salina, KS","31000US41460","salina-ks-31000US41460",13296,7273,296,14.527027027027026,17444,-23.778949782160055,1.0824100386346946
10,"Arts, Entertainment, & Recreation, & Accommodation & Food Services",17,"Accommodation & Food Services",2015,"2015",2506,406.59193302376275,1.0760461734117432,"Salina, KS","31000US41460","salina-ks-31000US41460",22025,5137,2255,11.130820399113082,23416,-5.940382644345746,8.001532615983907
11,"Other Services, Except Public Administration (Group)",18,"Other Services, Except Public Administration",2015,"2015",1755,268.7601160886786,1.1346115751086383,"Salina, KS","31000US41460","salina-ks-31000US41460",,,1515,15.841584158415841,,NaN,5.603627191161915
12,"Public Administration (Group)",19,"Public Administration",2015,"2015",953,201.4671189052943,0.633834254252676,"Salina, KS","31000US41460","salina-ks-31000US41460",82657,5030,1070,-10.934579439252337,82366,0.35330111939392467,3.0428813180497465
0,"Agriculture, Forestry, Fishing & Hunting, & Mining",0,"Agriculture, Forestry, Fishing & Hunting",2014,"2014",849,152.80052355931247,2.002144738389937,"Salina, KS","31000US41460","salina-ks-31000US41460",50757,21294,818,3.7897310513447433,42404,19.698613338364304,2.7289383176368487
0,"Agriculture, Forestry, Fishing & Hunting, & Mining",1,"Mining, Quarrying, & Oil & Gas Extraction",2014,"2014",4,5,0.021638655241702505,"Salina, KS","31000US41460","salina-ks-31000US41460",,,3,33.33333333333333,,NaN,0.012857188775674199
1,"Construction (Group)",2,"Construction",2014,"2014",1865,264.62237244798484,0.9722676207505463,"Salina, KS","31000US41460","salina-ks-31000US41460",65118,49762,1764,5.72562358276644,79349,-17.934693568917062,5.994664266658095
2,"Manufacturing (Group)",3,"Manufacturing",2014,"2014",6071,428.5848807412599,1.8715820164634842,"Salina, KS","31000US41460","salina-ks-31000US41460",68818,5180,6057,0.23113752682846295,65537,5.006332300837695,19.513998264279515
3,"Wholesale Trade (Group)",4,"Wholesale Trade",2014,"2014",804,173.72679701186,0.941383420604456,"Salina, KS","31000US41460","salina-ks-31000US41460",54217,12759,791,1.643489254108723,50645,7.053016092407938,2.5842949439105136
4,"Retail Trade (Group)",5,"Retail Trade",2014,"2014",3678,363.52166372858716,1.0215956867324492,"Salina, KS","31000US41460","salina-ks-31000US41460",48324,5581,3858,-4.665629860031104,45164,6.996723053759632,11.822185079232426
5,"Transportation & Warehousing, & Utilities",6,"Transportation & Warehousing",2014,"2014",1120,234.8297255459794,0.8856389378443534,"Salina, KS","31000US41460","salina-ks-31000US41460",67167,34377,1240,-9.67741935483871,60544,10.939151691331924,3.600012857188776
5,"Transportation & Warehousing, & Utilities",7,"Utilities",2014,"2014",317,130.94273557551787,1.1822574081422215,"Salina, KS","31000US41460","salina-ks-31000US41460",76117,43602,310,2.258064516129032,74925,1.5909242575909242,1.0189322104721803
6,"Information (Group)",8,"Information",2014,"2014",369,113.64858116140299,0.5552242446217485,"Salina, KS","31000US41460","salina-ks-31000US41460",69141,16143,368,0.2717391304347826,69671,-0.760718232837192,1.1860756645559447
7,"Finance & Insurance, & Real Estate & Rental & Leasing",9,"Finance & Insurance",2014,"2014",1156,228.17756243767704,0.78704696750463,"Salina, KS","31000US41460","salina-ks-31000US41460",81214,29780,1000,15.6,112689,-27.930853943153277,3.7157275561698433
7,"Finance & Insurance, & Real Estate & Rental & Leasing",10,"Real Estate & Rental & Leasing",2014,"2014",420,145.7737973711325,0.7182870166160098,"Salina, KS","31000US41460","salina-ks-31000US41460",58440,47981,426,-1.4084507042253522,58081,0.6181023054010778,1.350004821445791
8,"Professional, Scientific, & Management, & Administrative & Waste Management Services",11,"Professional, Scientific, & Technical Services",2014,"2014",994,193.1035991378721,0.4852445764252242,"Salina, KS","31000US41460","salina-ks-31000US41460",72995,27505,961,3.433922996878252,74640,-2.2039121114683815,3.195011410755039
8,"Professional, Scientific, & Management, & Administrative & Waste Management Services",12,"Management of Companies & Enterprises",2014,"2014",39,30.016662039607272,1.6494688705241933,"Salina, KS","31000US41460","salina-ks-31000US41460",29773,2241,55,-29.09090909090909,29219,1.8960265580615352,0.12535759056282345
8,"Professional, Scientific, & Management, & Administrative & Waste Management Services",13,"Administrative & Support & Waste Management Services",2014,"2014",869,200.06249023742558,0.6605483869756392,"Salina, KS","31000US41460","salina-ks-31000US41460",38126,12261,986,-11.866125760649087,38553,-1.107566207558426,2.7932242615152196
9,"Educational Services, & Health Care & Social Assistance",14,"Educational Services",2014,"2014",2833,312.3203483604615,0.9670906133452893,"Salina, KS","31000US41460","salina-ks-31000US41460",71572,11754,2700,4.925925925925926,75346,-5.008892310142542,9.106103950371251
9,"Educational Services, & Health Care & Social Assistance",15,"Health Care & Social Assistance",2014,"2014",4587,409.66327636242914,1.0685477706856077,"Salina, KS","31000US41460","salina-ks-31000US41460",66314,12064,4276,7.2731524789522926,72043,-7.9521952167455545,14.743981228504389
10,"Arts, Entertainment, & Recreation, & Accommodation & Food Services",16,"Arts, Entertainment, & Recreation",2014,"2014",296,113.37107214805722,0.44274766746743505,"Salina, KS","31000US41460","salina-ks-31000US41460",17444,10918,335,-11.641791044776118,18227,-4.295824875185165,0.9514319693998907
10,"Arts, Entertainment, & Recreation, & Accommodation & Food Services",17,"Accommodation & Food Services",2014,"2014",2255,395.05062966662894,0.9875269040832666,"Salina, KS","31000US41460","salina-ks-31000US41460",23416,12310,2648,-14.841389728096676,23122,1.2715163048179223,7.24824017228633
11,"Other Services, Except Public Administration (Group)",18,"Other Services, Except Public Administration",2014,"2014",1515,233.8632078801623,0.9820359850000181,"Salina, KS","31000US41460","salina-ks-31000US41460",,,1568,-3.3801020408163267,,NaN,4.869660248786603
12,"Public Administration (Group)",19,"Public Administration",2014,"2014",1070,193.34166648707668,0.6991677016971364,"Salina, KS","31000US41460","salina-ks-31000US41460",82366,6399,1083,-1.2003693444136658,83555,-1.4230147806833822,3.439297997492848
0,"Agriculture, Forestry, Fishing & Hunting, & Mining",0,"Agriculture, Forestry, Fishing & Hunting",2013,"2013",818,150.2830662450031,1.9181212146915256,"Salina, KS","31000US41460","salina-ks-31000US41460",42404,25101,,NaN,,NaN,2.617851313726118
0,"Agriculture, Forestry, Fishing & Hunting, & Mining",1,"Mining, Quarrying, & Oil & Gas Extraction",2013,"2013",3,4.242640687119286,0.01712961034515283,"Salina, KS","31000US41460","salina-ks-31000US41460",,,,NaN,,NaN,0.009600921688482094
1,"Construction (Group)",2,"Construction",2013,"2013",1764,282.1134523556082,0.9034648792176976,"Salina, KS","31000US41460","salina-ks-31000US41460",79349,16157,,NaN,,NaN,5.645341952827471
2,"Manufacturing (Group)",3,"Manufacturing",2013,"2013",6057,439.2004098358743,1.8496428719310463,"Salina, KS","31000US41460","salina-ks-31000US41460",65537,6458,,NaN,,NaN,19.38426088904535
3,"Wholesale Trade (Group)",4,"Wholesale Trade",2013,"2013",791,183.80696395947572,0.9119697948754417,"Salina, KS","31000US41460","salina-ks-31000US41460",50645,24935,,NaN,,NaN,2.531443018529779
4,"Retail Trade (Group)",5,"Retail Trade",2013,"2013",3858,436.16510635308737,1.067042217161559,"Salina, KS","31000US41460","salina-ks-31000US41460",45164,5924,,NaN,,NaN,12.346785291387974
5,"Transportation & Warehousing, & Utilities",6,"Transportation & Warehousing",2013,"2013",1240,266.0620228442985,0.9744946547712519,"Salina, KS","31000US41460","salina-ks-31000US41460",60544,17021,,NaN,,NaN,3.9683809645725985
5,"Transportation & Warehousing, & Utilities",7,"Utilities",2013,"2013",310,127.12985487288185,1.140953053562212,"Salina, KS","31000US41460","salina-ks-31000US41460",74925,31150,,NaN,,NaN,0.9920952411431496
6,"Information (Group)",8,"Information",2013,"2013",368,119.88327656516566,0.5466574697862642,"Salina, KS","31000US41460","salina-ks-31000US41460",69671,10108,,NaN,,NaN,1.1777130604538035
7,"Finance & Insurance, & Real Estate & Rental & Leasing",9,"Finance & Insurance",2013,"2013",1000,193.19679086361657,0.6698115828945927,"Salina, KS","31000US41460","salina-ks-31000US41460",112689,23092,,NaN,,NaN,3.2003072294940313
7,"Finance & Insurance, & Real Estate & Rental & Leasing",10,"Real Estate & Rental & Leasing",2013,"2013",426,133.9589489358587,0.7185708655333322,"Salina, KS","31000US41460","salina-ks-31000US41460",58081,35520,,NaN,,NaN,1.3633308797644574
8,"Professional, Scientific, & Management, & Administrative & Waste Management Services",11,"Professional, Scientific, & Technical Services",2013,"2013",961,205.8834621818858,0.47143848448059134,"Salina, KS","31000US41460","salina-ks-31000US41460",74640,27960,,NaN,,NaN,3.0754952475437642
8,"Professional, Scientific, & Management, & Administrative & Waste Management Services",12,"Management of Companies & Enterprises",2013,"2013",55,38.8329756778952,2.2911735312837807,"Salina, KS","31000US41460","salina-ks-31000US41460",29219,1353,,NaN,,NaN,0.17601689762217174
8,"Professional, Scientific, & Management, & Administrative & Waste Management Services",13,"Administrative & Support & Waste Management Services",2013,"2013",986,247.095123383688,0.7540333887052821,"Salina, KS","31000US41460","salina-ks-31000US41460",38553,24688,,NaN,,NaN,3.155502928281115
9,"Educational Services, & Health Care & Social Assistance",14,"Educational Services",2013,"2013",2700,285.80062981036275,0.9129910128805708,"Salina, KS","31000US41460","salina-ks-31000US41460",75346,9209,,NaN,,NaN,8.640829519633884
9,"Educational Services, & Health Care & Social Assistance",15,"Health Care & Social Assistance",2013,"2013",4276,413.40174165090303,0.9983950340467996,"Salina, KS","31000US41460","salina-ks-31000US41460",72043,15169,,NaN,,NaN,13.684513713316479
10,"Arts, Entertainment, & Recreation, & Accommodation & Food Services",16,"Arts, Entertainment, & Recreation",2013,"2013",335,110.78808600206071,0.5029758388259296,"Salina, KS","31000US41460","salina-ks-31000US41460",18227,11674,,NaN,,NaN,1.0721029218805005
10,"Arts, Entertainment, & Recreation, & Accommodation & Food Services",17,"Accommodation & Food Services",2013,"2013",2648,439.7692576795245,1.1741556755049405,"Salina, KS","31000US41460","salina-ks-31000US41460",23122,7179,,NaN,,NaN,8.474413543700194
11,"Other Services, Except Public Administration (Group)",18,"Other Services, Except Public Administration",2013,"2013",1568,248.42101360392198,1.0107743032015148,"Salina, KS","31000US41460","salina-ks-31000US41460",,,,NaN,,NaN,5.018081735846641
12,"Public Administration (Group)",19,"Public Administration",2013,"2013",1083,193.7679023987203,0.6990192510754317,"Salina, KS","31000US41460","salina-ks-31000US41460",83555,11208,,NaN,,NaN,3.4659327295420357